{
  "models": {
    "GlobalMean": {
      "rmse": 1.0470774273791776,
      "mae": 0.8288948122110626,
      "mse": 1.096371138926997,
      "r2": -0.004612519089859823,
      "precision_at_10": 0.004000000000000001,
      "recall_at_10": 0.0029851985929517265,
      "ndcg_at_10": 0.009095723431407623,
      "coverage": 0.022768948655256725,
      "novelty": 2.725258282542358,
      "gini": 0.9949672982885086
    },
    "Bias": {
      "rmse": 0.8700124106646904,
      "mae": 0.664969824139196,
      "mse": 0.7569215947105858,
      "r2": 0.30642746510098673,
      "precision_at_10": 0.026599999999999954,
      "recall_at_10": 0.02588912759633974,
      "ndcg_at_10": 0.03929749776630917,
      "coverage": 0.0029034229828850855,
      "novelty": 7.436331616821473,
      "gini": 0.9990753973105134
    },
    "SVD": {
      "rmse": 0.9907206107128341,
      "mae": 0.7776002883911133,
      "mse": 0.9815273284912109,
      "r2": 0.1006196141242981,
      "precision_at_10": 0.08000000000000014,
      "recall_at_10": 0.0801398317494033,
      "ndcg_at_10": 0.10206311521512561,
      "coverage": 0.028728606356968216,
      "novelty": 8.12972434272949,
      "gini": 0.9878954156479217
    },
    "Popularity": {
      "rmse": 1.7375811021358236,
      "mae": 1.4119236690100516,
      "mse": 3.0191880864995433,
      "r2": -1.7665030950676663,
      "precision_at_10": 0.05020000000000007,
      "recall_at_10": 0.061860838405959455,
      "ndcg_at_10": 0.07384347631791537,
      "coverage": 0.006112469437652812,
      "novelty": 8.820567623149554,
      "gini": 0.9984503056234719
    },
    "BPR": {
      "rmse": 2.2460792076635205,
      "mae": 1.9491921663284302,
      "mse": 5.044871807098389,
      "r2": -3.6226515769958496,
      "precision_at_10": 0.0622000000000001,
      "recall_at_10": 0.07323122700130302,
      "ndcg_at_10": 0.09044110544107709,
      "coverage": 0.011078850855745722,
      "novelty": 8.741541931288989,
      "gini": 0.9977853606356968
    }
  },
  "best_rmse_model": "Bias",
  "best_ndcg_model": "SVD"
}